UserName,First_Name,Last_Name,Email
fredrick.upton,Fredrick,Upton,fredrick.upton@email.com
mafalda.conn,Mafalda,Conn,mafalda.conn@email.com
alberta.morar,Alberta,Morar,alberta.morar@email.com
genevie.keeling,Genevie,Keeling,genevie.keeling@email.com
sun.pacocha,Sun,Pacocha,sun.pacocha@email.com
